{
    "threshold": 9.440382957458496,
    "precision": 1.0,
    "recall": 0.44787644787644787,
    "f1_score": 0.6186666666666667,
    "accuracy": 0.7535332643915891,
    "roc_auc": 1.0,
    "pr_auc": 1.0,
    "mcc": 0.5566911444276594,
    "confusion_matrix": [
        [
            1606,
            0
        ],
        [
            715,
            580
        ]
    ]
}